epoch,step,eval_loss
1.064,200,5.980087757110596
2.128,400,4.497219562530518
3.192,600,3.4821572303771973
4.256,800,2.8001976013183594
5.32,1000,2.3680520057678223
6.384,1200,2.094609260559082
7.448,1400,1.9501901865005493
8.512,1600,1.8882721662521362
9.576,1800,1.8698313236236572
